町字id,町字区分コード,大字・町名,大字・町名_カナ,大字・町名_英字,丁目名,丁目名_カナ,丁目名_数字,小字名,小字名_カナ,小字名_英字,住居表示フラグ,住居表示方式コード,大字・町_通称フラグ,小字_通称フラグ,大字・町外字フラグ,小字外字フラグ,状態フラグ,起番フラグ,効力発生日,廃止日,原典資料コード,郵便番号,備考
0000101,3,,,,,,,一番通,１バンドオリ,,0,0,0,1,0,0,0,0,1947-04-17,,0 ,,
0000102,3,,,,,,,元山,モトヤマ,,0,0,0,1,0,0,0,0,1947-04-17,,0 ,,
0000103,3,,,,,,,小樽内,オタルナイ,,0,0,0,1,0,0,0,0,1947-04-17,,0 ,,
0000104,3,,,,,,,滝ノ沢,タキノサワ,,0,0,0,1,0,0,0,0,1947-04-17,,0 ,,
0000105,3,,,,,,,湯ノ沢,ユノサワ,,0,0,0,1,0,0,0,0,1947-04-17,,0 ,,
0000106,3,,,,,,,二番通,２バンドオリ,,0,0,0,1,0,0,0,0,1947-04-17,,0 ,,
0000107,3,,,,,,,白井川,シライカワ,,0,0,0,1,0,0,0,0,1947-04-17,,0 ,,
0000108,3,,,,,,,薄別,ウスベツ,,0,0,0,1,0,0,0,0,1947-04-17,,0 ,,
0000109,3,,,,,,,板割沢,イタワリザワ,,0,0,0,1,0,0,0,0,1947-04-17,,0 ,,
0000110,3,,,,,,,盤ノ沢,バンノサワ,,0,0,0,1,0,0,0,0,1947-04-17,,0 ,,
0001000,1,石山,イシヤマ,Ishiyama,,,,,,,0,0,0,0,0,0,0,1,1947-04-17,,0 ,0050849,
0002001,2,石山一条,イシヤマ１ジョウ,Ishiyama 1-Jo,一丁目,１チョウメ,1,,,,1,1,0,0,0,0,0,1,1947-04-17,,0 ,,
0002002,2,石山一条,イシヤマ１ジョウ,Ishiyama 1-Jo,二丁目,２チョウメ,2,,,,1,1,0,0,0,0,0,1,1947-04-17,,0 ,,
0002003,2,石山一条,イシヤマ１ジョウ,Ishiyama 1-Jo,三丁目,３チョウメ,3,,,,1,1,0,0,0,0,0,1,1947-04-17,,0 ,,
0002004,2,石山一条,イシヤマ１ジョウ,Ishiyama 1-Jo,四丁目,４チョウメ,4,,,,1,1,0,0,0,0,0,1,1947-04-17,,0 ,,
0002005,2,石山一条,イシヤマ１ジョウ,Ishiyama 1-Jo,五丁目,５チョウメ,5,,,,1,1,0,0,0,0,0,1,1947-04-17,,0 ,,
0002006,2,石山一条,イシヤマ１ジョウ,Ishiyama 1-Jo,六丁目,６チョウメ,6,,,,1,1,0,0,0,0,0,1,1947-04-17,,0 ,,
0002007,2,石山一条,イシヤマ１ジョウ,Ishiyama 1-Jo,七丁目,７チョウメ,7,,,,1,1,0,0,0,0,0,1,1947-04-17,,0 ,,
0002008,2,石山一条,イシヤマ１ジョウ,Ishiyama 1-Jo,八丁目,８チョウメ,8,,,,1,1,0,0,0,0,0,1,1947-04-17,,0 ,,
0002009,2,石山一条,イシヤマ１ジョウ,Ishiyama 1-Jo,九丁目,９チョウメ,9,,,,1,1,0,0,0,0,0,1,1947-04-17,,0 ,,
0003002,2,石山二条,イシヤマ２ジョウ,Ishiyama 2-Jo,二丁目,２チョウメ,2,,,,1,1,0,0,0,0,0,1,1947-04-17,,0 ,,
0003003,2,石山二条,イシヤマ２ジョウ,Ishiyama 2-Jo,三丁目,３チョウメ,3,,,,1,1,0,0,0,0,0,1,1947-04-17,,0 ,,
0003004,2,石山二条,イシヤマ２ジョウ,Ishiyama 2-Jo,四丁目,４チョウメ,4,,,,1,1,0,0,0,0,0,1,1947-04-17,,0 ,,
0003005,2,石山二条,イシヤマ２ジョウ,Ishiyama 2-Jo,五丁目,５チョウメ,5,,,,1,1,0,0,0,0,0,1,1947-04-17,,0 ,,
0003006,2,石山二条,イシヤマ２ジョウ,Ishiyama 2-Jo,六丁目,６チョウメ,6,,,,1,1,0,0,0,0,0,1,1947-04-17,,0 ,,
0003007,2,石山二条,イシヤマ２ジョウ,Ishiyama 2-Jo,七丁目,７チョウメ,7,,,,1,1,0,0,0,0,0,1,1947-04-17,,0 ,,
0003008,2,石山二条,イシヤマ２ジョウ,Ishiyama 2-Jo,八丁目,８チョウメ,8,,,,1,1,0,0,0,0,0,1,1947-04-17,,0 ,,
0003009,2,石山二条,イシヤマ２ジョウ,Ishiyama 2-Jo,九丁目,９チョウメ,9,,,,1,1,0,0,0,0,0,1,1947-04-17,,0 ,,
0004005,2,石山三条,イシヤマ３ジョウ,Ishiyama 3-Jo,五丁目,５チョウメ,5,,,,1,1,0,0,0,0,0,1,1947-04-17,,0 ,,
0004006,2,石山三条,イシヤマ３ジョウ,Ishiyama 3-Jo,六丁目,６チョウメ,6,,,,1,1,0,0,0,0,0,1,1947-04-17,,0 ,,
0004007,2,石山三条,イシヤマ３ジョウ,Ishiyama 3-Jo,七丁目,７チョウメ,7,,,,1,1,0,0,0,0,0,1,1947-04-17,,0 ,,
0004008,2,石山三条,イシヤマ３ジョウ,Ishiyama 3-Jo,八丁目,８チョウメ,8,,,,1,1,0,0,0,0,0,1,1947-04-17,,0 ,,
0005006,2,石山四条,イシヤマ４ジョウ,Ishiyama 4-Jo,六丁目,６チョウメ,6,,,,1,1,0,0,0,0,0,1,1947-04-17,,0 ,,
0006001,2,石山東,イシヤマヒガシ,Ishiyama Higashi,一丁目,１チョウメ,1,,,,1,1,0,0,0,0,0,1,1947-04-17,,0 ,,
0006002,2,石山東,イシヤマヒガシ,Ishiyama Higashi,二丁目,２チョウメ,2,,,,1,1,0,0,0,0,0,1,1947-04-17,,0 ,,
0006003,2,石山東,イシヤマヒガシ,Ishiyama Higashi,三丁目,３チョウメ,3,,,,1,1,0,0,0,0,0,1,1947-04-17,,0 ,,
0006004,2,石山東,イシヤマヒガシ,Ishiyama Higashi,四丁目,４チョウメ,4,,,,1,1,0,0,0,0,0,1,1947-04-17,,0 ,,
0006005,2,石山東,イシヤマヒガシ,Ishiyama Higashi,五丁目,５チョウメ,5,,,,1,1,0,0,0,0,0,1,1947-04-17,,0 ,,
0006006,2,石山東,イシヤマヒガシ,Ishiyama Higashi,六丁目,６チョウメ,6,,,,1,1,0,0,0,0,0,1,1947-04-17,,0 ,,
0006007,2,石山東,イシヤマヒガシ,Ishiyama Higashi,七丁目,７チョウメ,7,,,,1,1,0,0,0,0,0,1,1947-04-17,,0 ,,
0007000,1,硬石山,カタイシヤマ,,,,,,,,0,0,0,0,0,0,0,1,1947-04-17,,0 ,,
0008001,2,川沿十条,カワゾエ１０ジョウ,Kawazoe 10-Jo,一丁目,１チョウメ,1,,,,1,1,0,0,0,0,0,1,1947-04-17,,0 ,,
0008002,2,川沿十条,カワゾエ１０ジョウ,Kawazoe 10-Jo,二丁目,２チョウメ,2,,,,1,1,0,0,0,0,0,1,1947-04-17,,0 ,,
0008003,2,川沿十条,カワゾエ１０ジョウ,Kawazoe 10-Jo,三丁目,３チョウメ,3,,,,1,1,0,0,0,0,0,1,1947-04-17,,0 ,,
0009001,2,川沿十一条,カワゾエ１１ジョウ,Kawazoe 11-Jo,一丁目,１チョウメ,1,,,,1,1,0,0,0,0,0,1,1947-04-17,,0 ,,
0009002,2,川沿十一条,カワゾエ１１ジョウ,Kawazoe 11-Jo,二丁目,２チョウメ,2,,,,1,1,0,0,0,0,0,1,1947-04-17,,0 ,,
0009003,2,川沿十一条,カワゾエ１１ジョウ,Kawazoe 11-Jo,三丁目,３チョウメ,3,,,,1,1,0,0,0,0,0,1,1947-04-17,,0 ,,
0010001,2,川沿十二条,カワゾエ１２ジョウ,Kawazoe 12-Jo,一丁目,１チョウメ,1,,,,1,1,0,0,0,0,0,1,1947-04-17,,0 ,,
0010002,2,川沿十二条,カワゾエ１２ジョウ,Kawazoe 12-Jo,二丁目,２チョウメ,2,,,,1,1,0,0,0,0,0,1,1947-04-17,,0 ,,
0010003,2,川沿十二条,カワゾエ１２ジョウ,Kawazoe 12-Jo,三丁目,３チョウメ,3,,,,1,1,0,0,0,0,0,1,1947-04-17,,0 ,,
0010004,2,川沿十二条,カワゾエ１２ジョウ,Kawazoe 12-Jo,四丁目,４チョウメ,4,,,,1,1,0,0,0,0,0,1,1947-04-17,,0 ,,
0010005,2,川沿十二条,カワゾエ１２ジョウ,Kawazoe 12-Jo,五丁目,５チョウメ,5,,,,1,1,0,0,0,0,0,1,1947-04-17,,0 ,,
0011001,2,川沿十三条,カワゾエ１３ジョウ,Kawazoe 13-Jo,一丁目,１チョウメ,1,,,,1,1,0,0,0,0,0,1,1947-04-17,,0 ,,
0011002,2,川沿十三条,カワゾエ１３ジョウ,Kawazoe 13-Jo,二丁目,２チョウメ,2,,,,1,1,0,0,0,0,0,1,1947-04-17,,0 ,,
0011003,2,川沿十三条,カワゾエ１３ジョウ,Kawazoe 13-Jo,三丁目,３チョウメ,3,,,,1,1,0,0,0,0,0,1,1947-04-17,,0 ,,
0012001,2,川沿十四条,カワゾエ１４ジョウ,Kawazoe 14-Jo,一丁目,１チョウメ,1,,,,1,1,0,0,0,0,0,1,1947-04-17,,0 ,,
0012002,2,川沿十四条,カワゾエ１４ジョウ,Kawazoe 14-Jo,二丁目,２チョウメ,2,,,,1,1,0,0,0,0,0,1,1947-04-17,,0 ,,
0013001,2,川沿十五条,カワゾエ１５ジョウ,Kawazoe 15-Jo,一丁目,１チョウメ,1,,,,1,1,0,0,0,0,0,1,1947-04-17,,0 ,,
0013002,2,川沿十五条,カワゾエ１５ジョウ,Kawazoe 15-Jo,二丁目,２チョウメ,2,,,,1,1,0,0,0,0,0,1,1947-04-17,,0 ,,
0014001,2,川沿十六条,カワゾエ１６ジョウ,Kawazoe 16-Jo,一丁目,１チョウメ,1,,,,1,1,0,0,0,0,0,1,1947-04-17,,0 ,,
0014002,2,川沿十六条,カワゾエ１６ジョウ,Kawazoe 16-Jo,二丁目,２チョウメ,2,,,,1,1,0,0,0,0,0,1,1947-04-17,,0 ,,
0015001,2,川沿十七条,カワゾエ１７ジョウ,Kawazoe 17-Jo,一丁目,１チョウメ,1,,,,1,1,0,0,0,0,0,1,1947-04-17,,0 ,,
0015002,2,川沿十七条,カワゾエ１７ジョウ,Kawazoe 17-Jo,二丁目,２チョウメ,2,,,,1,1,0,0,0,0,0,1,1947-04-17,,0 ,,
0016001,2,川沿十八条,カワゾエ１８ジョウ,Kawazoe 18-Jo,一丁目,１チョウメ,1,,,,1,1,0,0,0,0,0,1,1947-04-17,,0 ,,
0016002,2,川沿十八条,カワゾエ１８ジョウ,Kawazoe 18-Jo,二丁目,２チョウメ,2,,,,1,1,0,0,0,0,0,1,1947-04-17,,0 ,,
0017001,2,川沿一条,カワゾエ１ジョウ,Kawazoe 1-Jo,一丁目,１チョウメ,1,,,,1,1,0,0,0,0,0,1,1947-04-17,,0 ,,
0017002,2,川沿一条,カワゾエ１ジョウ,Kawazoe 1-Jo,二丁目,２チョウメ,2,,,,1,1,0,0,0,0,0,1,1947-04-17,,0 ,,
0017003,2,川沿一条,カワゾエ１ジョウ,Kawazoe 1-Jo,三丁目,３チョウメ,3,,,,1,1,0,0,0,0,0,1,1947-04-17,,0 ,,
0017004,2,川沿一条,カワゾエ１ジョウ,Kawazoe 1-Jo,四丁目,４チョウメ,4,,,,1,1,0,0,0,0,0,1,1947-04-17,,0 ,,
0017005,2,川沿一条,カワゾエ１ジョウ,Kawazoe 1-Jo,五丁目,５チョウメ,5,,,,1,1,0,0,0,0,0,1,1947-04-17,,0 ,,
0017006,2,川沿一条,カワゾエ１ジョウ,Kawazoe 1-Jo,六丁目,６チョウメ,6,,,,1,1,0,0,0,0,0,1,1947-04-17,,0 ,,
0018001,2,川沿二条,カワゾエ２ジョウ,Kawazoe 2-Jo,一丁目,１チョウメ,1,,,,1,1,0,0,0,0,0,1,1947-04-17,,0 ,,
0018002,2,川沿二条,カワゾエ２ジョウ,Kawazoe 2-Jo,二丁目,２チョウメ,2,,,,1,1,0,0,0,0,0,1,1947-04-17,,0 ,,
0018003,2,川沿二条,カワゾエ２ジョウ,Kawazoe 2-Jo,三丁目,３チョウメ,3,,,,1,1,0,0,0,0,0,1,1947-04-17,,0 ,,
0018004,2,川沿二条,カワゾエ２ジョウ,Kawazoe 2-Jo,四丁目,４チョウメ,4,,,,1,1,0,0,0,0,0,1,1947-04-17,,0 ,,
0018005,2,川沿二条,カワゾエ２ジョウ,Kawazoe 2-Jo,五丁目,５チョウメ,5,,,,1,1,0,0,0,0,0,1,1947-04-17,,0 ,,
0018006,2,川沿二条,カワゾエ２ジョウ,Kawazoe 2-Jo,六丁目,６チョウメ,6,,,,1,1,0,0,0,0,0,1,1947-04-17,,0 ,,
0019001,2,川沿三条,カワゾエ３ジョウ,Kawazoe 3-Jo,一丁目,１チョウメ,1,,,,1,1,0,0,0,0,0,1,1947-04-17,,0 ,,
0019002,2,川沿三条,カワゾエ３ジョウ,Kawazoe 3-Jo,二丁目,２チョウメ,2,,,,1,1,0,0,0,0,0,1,1947-04-17,,0 ,,
0019003,2,川沿三条,カワゾエ３ジョウ,Kawazoe 3-Jo,三丁目,３チョウメ,3,,,,1,1,0,0,0,0,0,1,1947-04-17,,0 ,,
0019004,2,川沿三条,カワゾエ３ジョウ,Kawazoe 3-Jo,四丁目,４チョウメ,4,,,,1,1,0,0,0,0,0,1,1947-04-17,,0 ,,
0019005,2,川沿三条,カワゾエ３ジョウ,Kawazoe 3-Jo,五丁目,５チョウメ,5,,,,1,1,0,0,0,0,0,1,1947-04-17,,0 ,,
0020001,2,川沿四条,カワゾエ４ジョウ,Kawazoe 4-Jo,一丁目,１チョウメ,1,,,,1,1,0,0,0,0,0,1,1947-04-17,,0 ,,
0020002,2,川沿四条,カワゾエ４ジョウ,Kawazoe 4-Jo,二丁目,２チョウメ,2,,,,1,1,0,0,0,0,0,1,1947-04-17,,0 ,,
0020003,2,川沿四条,カワゾエ４ジョウ,Kawazoe 4-Jo,三丁目,３チョウメ,3,,,,1,1,0,0,0,0,0,1,1947-04-17,,0 ,,
0020004,2,川沿四条,カワゾエ４ジョウ,Kawazoe 4-Jo,四丁目,４チョウメ,4,,,,1,1,0,0,0,0,0,1,1947-04-17,,0 ,,
0020005,2,川沿四条,カワゾエ４ジョウ,Kawazoe 4-Jo,五丁目,５チョウメ,5,,,,1,1,0,0,0,0,0,1,1947-04-17,,0 ,,
0021001,2,川沿五条,カワゾエ５ジョウ,Kawazoe 5-Jo,一丁目,１チョウメ,1,,,,1,1,0,0,0,0,0,1,1947-04-17,,0 ,,
0021002,2,川沿五条,カワゾエ５ジョウ,Kawazoe 5-Jo,二丁目,２チョウメ,2,,,,1,1,0,0,0,0,0,1,1947-04-17,,0 ,,
0021003,2,川沿五条,カワゾエ５ジョウ,Kawazoe 5-Jo,三丁目,３チョウメ,3,,,,1,1,0,0,0,0,0,1,1947-04-17,,0 ,,
0021004,2,川沿五条,カワゾエ５ジョウ,Kawazoe 5-Jo,四丁目,４チョウメ,4,,,,1,1,0,0,0,0,0,1,1947-04-17,,0 ,,
0022002,2,川沿六条,カワゾエ６ジョウ,Kawazoe 6-Jo,二丁目,２チョウメ,2,,,,1,1,0,0,0,0,0,1,1947-04-17,,0 ,,
0022003,2,川沿六条,カワゾエ６ジョウ,Kawazoe 6-Jo,三丁目,３チョウメ,3,,,,1,1,0,0,0,0,0,1,1947-04-17,,0 ,,
0022004,2,川沿六条,カワゾエ６ジョウ,Kawazoe 6-Jo,四丁目,４チョウメ,4,,,,1,1,0,0,0,0,0,1,1947-04-17,,0 ,,
0023002,2,川沿七条,カワゾエ７ジョウ,Kawazoe 7-Jo,二丁目,２チョウメ,2,,,,1,1,0,0,0,0,0,1,1947-04-17,,0 ,,
0023003,2,川沿七条,カワゾエ７ジョウ,Kawazoe 7-Jo,三丁目,３チョウメ,3,,,,1,1,0,0,0,0,0,1,1947-04-17,,0 ,,
0023004,2,川沿七条,カワゾエ７ジョウ,Kawazoe 7-Jo,四丁目,４チョウメ,4,,,,1,1,0,0,0,0,0,1,1947-04-17,,0 ,,
0024001,2,川沿八条,カワゾエ８ジョウ,Kawazoe 8-Jo,一丁目,１チョウメ,1,,,,1,1,0,0,0,0,0,1,1947-04-17,,0 ,,
0024002,2,川沿八条,カワゾエ８ジョウ,Kawazoe 8-Jo,二丁目,２チョウメ,2,,,,1,1,0,0,0,0,0,1,1947-04-17,,0 ,,
0024003,2,川沿八条,カワゾエ８ジョウ,Kawazoe 8-Jo,三丁目,３チョウメ,3,,,,1,1,0,0,0,0,0,1,1947-04-17,,0 ,,
0024004,2,川沿八条,カワゾエ８ジョウ,Kawazoe 8-Jo,四丁目,４チョウメ,4,,,,1,1,0,0,0,0,0,1,1947-04-17,,0 ,,
0025001,2,川沿九条,カワゾエ９ジョウ,Kawazoe 9-Jo,一丁目,１チョウメ,1,,,,1,1,0,0,0,0,0,1,1947-04-17,,0 ,,
0025002,2,川沿九条,カワゾエ９ジョウ,Kawazoe 9-Jo,二丁目,２チョウメ,2,,,,1,1,0,0,0,0,0,1,1947-04-17,,0 ,,
0025003,2,川沿九条,カワゾエ９ジョウ,Kawazoe 9-Jo,三丁目,３チョウメ,3,,,,1,1,0,0,0,0,0,1,1947-04-17,,0 ,,
0025004,2,川沿九条,カワゾエ９ジョウ,Kawazoe 9-Jo,四丁目,４チョウメ,4,,,,1,1,0,0,0,0,0,1,1947-04-17,,0 ,,
0026000,1,川沿町,カワゾエチョウ,,,,,,,,0,0,0,0,0,0,0,1,1947-04-17,,0 ,,
0028000,1,北ノ沢,キタノサワ,Kitanosawa,,,,,,,0,0,0,0,0,0,0,1,1947-04-17,,0 ,0050832,
0028001,2,北ノ沢,キタノサワ,Kitanosawa,一丁目,１チョウメ,1,,,,1,1,0,0,0,0,0,1,1947-04-17,,0 ,,
0028002,2,北ノ沢,キタノサワ,Kitanosawa,二丁目,２チョウメ,2,,,,1,1,0,0,0,0,0,1,1947-04-17,,0 ,,
0028003,2,北ノ沢,キタノサワ,Kitanosawa,三丁目,３チョウメ,3,,,,1,1,0,0,0,0,0,1,1947-04-17,,0 ,,
0028004,2,北ノ沢,キタノサワ,Kitanosawa,四丁目,４チョウメ,4,,,,1,1,0,0,0,0,0,1,1947-04-17,,0 ,,
0028005,2,北ノ沢,キタノサワ,Kitanosawa,五丁目,５チョウメ,5,,,,1,1,0,0,0,0,0,1,1947-04-17,,0 ,,
0028006,2,北ノ沢,キタノサワ,Kitanosawa,六丁目,６チョウメ,6,,,,1,1,0,0,0,0,0,1,1947-04-17,,0 ,,
0028007,2,北ノ沢,キタノサワ,Kitanosawa,七丁目,７チョウメ,7,,,,1,1,0,0,0,0,0,1,1947-04-17,,0 ,,
0028008,2,北ノ沢,キタノサワ,Kitanosawa,八丁目,８チョウメ,8,,,,1,1,0,0,0,0,0,1,1947-04-17,,0 ,,
0028009,2,北ノ沢,キタノサワ,Kitanosawa,九丁目,９チョウメ,9,,,,1,1,0,0,0,0,0,1,1947-04-17,,0 ,,
0029001,2,芸術の森,ゲイジュツノモリ,Geijutsunomori,一丁目,１チョウメ,1,,,,0,0,0,0,0,0,0,1,1947-04-17,,0 ,,
0029002,2,芸術の森,ゲイジュツノモリ,Geijutsunomori,二丁目,２チョウメ,2,,,,0,0,0,0,0,0,0,1,1947-04-17,,0 ,,
0029003,2,芸術の森,ゲイジュツノモリ,Geijutsunomori,三丁目,３チョウメ,3,,,,0,0,0,0,0,0,0,1,1947-04-17,,0 ,,
0030000,1,小金湯,コガネユ,Koganeyu,,,,,,,0,0,0,0,0,0,0,1,1947-04-17,,0 ,0612274,
0031000,1,定山渓,ジョウザンケイ,Jozankei,,,,,,,0,0,0,0,0,0,0,1,1947-04-17,,0 ,0612301,
0032001,2,定山渓温泉西,ジョウザンケイオンセンニシ,Jozankeionsennishi,一丁目,１チョウメ,1,,,,0,0,0,0,0,0,0,1,1947-04-17,,0 ,,
0032002,2,定山渓温泉西,ジョウザンケイオンセンニシ,Jozankeionsennishi,二丁目,２チョウメ,2,,,,0,0,0,0,0,0,0,1,1947-04-17,,0 ,,
0032003,2,定山渓温泉西,ジョウザンケイオンセンニシ,Jozankeionsennishi,三丁目,３チョウメ,3,,,,0,0,0,0,0,0,0,1,1947-04-17,,0 ,,
0032004,2,定山渓温泉西,ジョウザンケイオンセンニシ,Jozankeionsennishi,四丁目,４チョウメ,4,,,,0,0,0,0,0,0,0,1,1947-04-17,,0 ,,
0033001,2,定山渓温泉東,ジョウザンケイオンセンヒガシ,Jozankeionsenhigashi,一丁目,１チョウメ,1,,,,0,0,0,0,0,0,0,1,1947-04-17,,0 ,,
0033002,2,定山渓温泉東,ジョウザンケイオンセンヒガシ,Jozankeionsenhigashi,二丁目,２チョウメ,2,,,,0,0,0,0,0,0,0,1,1947-04-17,,0 ,,
0033003,2,定山渓温泉東,ジョウザンケイオンセンヒガシ,Jozankeionsenhigashi,三丁目,３チョウメ,3,,,,0,0,0,0,0,0,0,1,1947-04-17,,0 ,,
0033004,2,定山渓温泉東,ジョウザンケイオンセンヒガシ,Jozankeionsenhigashi,四丁目,４チョウメ,4,,,,0,0,0,0,0,0,0,1,1947-04-17,,0 ,,
0034000,1,白川,シラカワ,Shirakawa,,,,,,,0,0,0,0,0,0,0,1,1947-04-17,,0 ,0612276,
0035000,1,澄川,スミカワ,Sumikawa,,,,,,,0,0,0,0,0,0,0,1,1947-04-17,,0 ,0050007,
0036001,2,澄川一条,スミカワ１ジョウ,Sumikawa 1-Jo,一丁目,１チョウメ,1,,,,1,1,0,0,0,0,0,1,1947-04-17,,0 ,,
0036002,2,澄川一条,スミカワ１ジョウ,Sumikawa 1-Jo,二丁目,２チョウメ,2,,,,1,1,0,0,0,0,0,1,1947-04-17,,0 ,,
0036003,2,澄川一条,スミカワ１ジョウ,Sumikawa 1-Jo,三丁目,３チョウメ,3,,,,1,1,0,0,0,0,0,1,1947-04-17,,0 ,,
0036004,2,澄川一条,スミカワ１ジョウ,Sumikawa 1-Jo,四丁目,４チョウメ,4,,,,1,1,0,0,0,0,0,1,1947-04-17,,0 ,,
0037001,2,澄川二条,スミカワ２ジョウ,Sumikawa 2-Jo,一丁目,１チョウメ,1,,,,1,1,0,0,0,0,0,1,1947-04-17,,0 ,,
0037002,2,澄川二条,スミカワ２ジョウ,Sumikawa 2-Jo,二丁目,２チョウメ,2,,,,1,1,0,0,0,0,0,1,1947-04-17,,0 ,,
0037003,2,澄川二条,スミカワ２ジョウ,Sumikawa 2-Jo,三丁目,３チョウメ,3,,,,1,1,0,0,0,0,0,1,1947-04-17,,0 ,,
0037004,2,澄川二条,スミカワ２ジョウ,Sumikawa 2-Jo,四丁目,４チョウメ,4,,,,1,1,0,0,0,0,0,1,1947-04-17,,0 ,,
0037005,2,澄川二条,スミカワ２ジョウ,Sumikawa 2-Jo,五丁目,５チョウメ,5,,,,1,1,0,0,0,0,0,1,1947-04-17,,0 ,,
0038001,2,澄川三条,スミカワ３ジョウ,Sumikawa 3-Jo,一丁目,１チョウメ,1,,,,1,1,0,0,0,0,0,1,1947-04-17,,0 ,,
0038002,2,澄川三条,スミカワ３ジョウ,Sumikawa 3-Jo,二丁目,２チョウメ,2,,,,1,1,0,0,0,0,0,1,1947-04-17,,0 ,,
0038003,2,澄川三条,スミカワ３ジョウ,Sumikawa 3-Jo,三丁目,３チョウメ,3,,,,1,1,0,0,0,0,0,1,1947-04-17,,0 ,,
0038004,2,澄川三条,スミカワ３ジョウ,Sumikawa 3-Jo,四丁目,４チョウメ,4,,,,1,1,0,0,0,0,0,1,1947-04-17,,0 ,,
0038005,2,澄川三条,スミカワ３ジョウ,Sumikawa 3-Jo,五丁目,５チョウメ,5,,,,1,1,0,0,0,0,0,1,1947-04-17,,0 ,,
0038006,2,澄川三条,スミカワ３ジョウ,Sumikawa 3-Jo,六丁目,６チョウメ,6,,,,1,1,0,0,0,0,0,1,1947-04-17,,0 ,,
0039001,2,澄川四条,スミカワ４ジョウ,Sumikawa 4-Jo,一丁目,１チョウメ,1,,,,1,1,0,0,0,0,0,1,1947-04-17,,0 ,,
0039002,2,澄川四条,スミカワ４ジョウ,Sumikawa 4-Jo,二丁目,２チョウメ,2,,,,1,1,0,0,0,0,0,1,1947-04-17,,0 ,,
0039003,2,澄川四条,スミカワ４ジョウ,Sumikawa 4-Jo,三丁目,３チョウメ,3,,,,1,1,0,0,0,0,0,1,1947-04-17,,0 ,,
0039004,2,澄川四条,スミカワ４ジョウ,Sumikawa 4-Jo,四丁目,４チョウメ,4,,,,1,1,0,0,0,0,0,1,1947-04-17,,0 ,,
0039005,2,澄川四条,スミカワ４ジョウ,Sumikawa 4-Jo,五丁目,５チョウメ,5,,,,1,1,0,0,0,0,0,1,1947-04-17,,0 ,,
0039006,2,澄川四条,スミカワ４ジョウ,Sumikawa 4-Jo,六丁目,６チョウメ,6,,,,1,1,0,0,0,0,0,1,1947-04-17,,0 ,,
0039007,2,澄川四条,スミカワ４ジョウ,Sumikawa 4-Jo,七丁目,７チョウメ,7,,,,1,1,0,0,0,0,0,1,1947-04-17,,0 ,,
0039008,2,澄川四条,スミカワ４ジョウ,Sumikawa 4-Jo,八丁目,８チョウメ,8,,,,1,1,0,0,0,0,0,1,1947-04-17,,0 ,,
0039009,2,澄川四条,スミカワ４ジョウ,Sumikawa 4-Jo,九丁目,９チョウメ,9,,,,1,1,0,0,0,0,0,1,1947-04-17,,0 ,,
0039010,2,澄川四条,スミカワ４ジョウ,Sumikawa 4-Jo,十丁目,１０チョウメ,10,,,,1,1,0,0,0,0,0,1,1947-04-17,,0 ,,
0039011,2,澄川四条,スミカワ４ジョウ,Sumikawa 4-Jo,十一丁目,１１チョウメ,11,,,,1,1,0,0,0,0,0,1,1947-04-17,,0 ,,
0039012,2,澄川四条,スミカワ４ジョウ,Sumikawa 4-Jo,十二丁目,１２チョウメ,12,,,,1,1,0,0,0,0,0,1,1947-04-17,,0 ,,
0040003,2,澄川五条,スミカワ５ジョウ,Sumikawa 5-Jo,三丁目,３チョウメ,3,,,,1,1,0,0,0,0,0,1,1947-04-17,,0 ,,
0040004,2,澄川五条,スミカワ５ジョウ,Sumikawa 5-Jo,四丁目,４チョウメ,4,,,,1,1,0,0,0,0,0,1,1947-04-17,,0 ,,
0040005,2,澄川五条,スミカワ５ジョウ,Sumikawa 5-Jo,五丁目,５チョウメ,5,,,,1,1,0,0,0,0,0,1,1947-04-17,,0 ,,
0040006,2,澄川五条,スミカワ５ジョウ,Sumikawa 5-Jo,六丁目,６チョウメ,6,,,,1,1,0,0,0,0,0,1,1947-04-17,,0 ,,
0040007,2,澄川五条,スミカワ５ジョウ,Sumikawa 5-Jo,七丁目,７チョウメ,7,,,,1,1,0,0,0,0,0,1,1947-04-17,,0 ,,
0040008,2,澄川五条,スミカワ５ジョウ,Sumikawa 5-Jo,八丁目,８チョウメ,8,,,,1,1,0,0,0,0,0,1,1947-04-17,,0 ,,
0040009,2,澄川五条,スミカワ５ジョウ,Sumikawa 5-Jo,九丁目,９チョウメ,9,,,,1,1,0,0,0,0,0,1,1947-04-17,,0 ,,
0040010,2,澄川五条,スミカワ５ジョウ,Sumikawa 5-Jo,十丁目,１０チョウメ,10,,,,1,1,0,0,0,0,0,1,1947-04-17,,0 ,,
0040011,2,澄川五条,スミカワ５ジョウ,Sumikawa 5-Jo,十一丁目,１１チョウメ,11,,,,1,1,0,0,0,0,0,1,1947-04-17,,0 ,,
0040012,2,澄川五条,スミカワ５ジョウ,Sumikawa 5-Jo,十二丁目,１２チョウメ,12,,,,1,1,0,0,0,0,0,1,1947-04-17,,0 ,,
0040013,2,澄川五条,スミカワ５ジョウ,Sumikawa 5-Jo,十三丁目,１３チョウメ,13,,,,1,1,0,0,0,0,0,1,1947-04-17,,0 ,,
0041003,2,澄川六条,スミカワ６ジョウ,Sumikawa 6-Jo,三丁目,３チョウメ,3,,,,1,1,0,0,0,0,0,1,1947-04-17,,0 ,,
0041004,2,澄川六条,スミカワ６ジョウ,Sumikawa 6-Jo,四丁目,４チョウメ,4,,,,1,1,0,0,0,0,0,1,1947-04-17,,0 ,,
0041005,2,澄川六条,スミカワ６ジョウ,Sumikawa 6-Jo,五丁目,５チョウメ,5,,,,1,1,0,0,0,0,0,1,1947-04-17,,0 ,,
0041006,2,澄川六条,スミカワ６ジョウ,Sumikawa 6-Jo,六丁目,６チョウメ,6,,,,1,1,0,0,0,0,0,1,1947-04-17,,0 ,,
0041007,2,澄川六条,スミカワ６ジョウ,Sumikawa 6-Jo,七丁目,７チョウメ,7,,,,1,1,0,0,0,0,0,1,1947-04-17,,0 ,,
0041008,2,澄川六条,スミカワ６ジョウ,Sumikawa 6-Jo,八丁目,８チョウメ,8,,,,1,1,0,0,0,0,0,1,1947-04-17,,0 ,,
0041009,2,澄川六条,スミカワ６ジョウ,Sumikawa 6-Jo,九丁目,９チョウメ,9,,,,1,1,0,0,0,0,0,1,1947-04-17,,0 ,,
0041010,2,澄川六条,スミカワ６ジョウ,Sumikawa 6-Jo,十丁目,１０チョウメ,10,,,,1,1,0,0,0,0,0,1,1947-04-17,,0 ,,
0041011,2,澄川六条,スミカワ６ジョウ,Sumikawa 6-Jo,十一丁目,１１チョウメ,11,,,,1,1,0,0,0,0,0,1,1947-04-17,,0 ,,
0041012,2,澄川六条,スミカワ６ジョウ,Sumikawa 6-Jo,十二丁目,１２チョウメ,12,,,,1,1,0,0,0,0,0,1,1947-04-17,,0 ,,
0041013,2,澄川六条,スミカワ６ジョウ,Sumikawa 6-Jo,十三丁目,１３チョウメ,13,,,,1,1,0,0,0,0,0,1,1947-04-17,,0 ,,
0042000,1,滝野,タキノ,Takino,,,,,,,0,0,0,0,0,0,0,1,1947-04-17,,0 ,0050862,
0043000,1,砥石山,トイシヤマ,Toishiyama,,,,,,,0,0,0,0,0,0,0,0,1947-04-17,,0 ,0050830,
0044000,1,常盤,トキワ,,,,,,,,0,0,0,0,0,0,0,1,1947-04-17,,0 ,,
0045001,2,常盤一条,トキワ１ジョウ,Tokiwa1-Jo,一丁目,１チョウメ,1,,,,1,1,0,0,0,0,0,1,1947-04-17,,0 ,,
0045002,2,常盤一条,トキワ１ジョウ,Tokiwa1-Jo,二丁目,２チョウメ,2,,,,1,1,0,0,0,0,0,1,1947-04-17,,0 ,,
0046001,2,常盤二条,トキワ２ジョウ,Tokiwa2-Jo,一丁目,１チョウメ,1,,,,1,1,0,0,0,0,0,1,1947-04-17,,0 ,,
0046002,2,常盤二条,トキワ２ジョウ,Tokiwa2-Jo,二丁目,２チョウメ,2,,,,1,1,0,0,0,0,0,1,1947-04-17,,0 ,,
0046003,2,常盤二条,トキワ２ジョウ,Tokiwa2-Jo,三丁目,３チョウメ,3,,,,1,1,0,0,0,0,0,1,1947-04-17,,0 ,,
0047001,2,常盤三条,トキワ３ジョウ,Tokiwa3-Jo,一丁目,１チョウメ,1,,,,1,1,0,0,0,0,0,1,1947-04-17,,0 ,,
0047002,2,常盤三条,トキワ３ジョウ,Tokiwa3-Jo,二丁目,２チョウメ,2,,,,1,1,0,0,0,0,0,1,1947-04-17,,0 ,,
0048001,2,常盤四条,トキワ４ジョウ,Tokiwa4-Jo,一丁目,１チョウメ,1,,,,1,1,0,0,0,0,0,1,1947-04-17,,0 ,,
0048002,2,常盤四条,トキワ４ジョウ,Tokiwa4-Jo,二丁目,２チョウメ,2,,,,1,1,0,0,0,0,0,1,1947-04-17,,0 ,,
0049001,2,常盤五条,トキワ５ジョウ,Tokiwa5-Jo,一丁目,１チョウメ,1,,,,1,1,0,0,0,0,0,1,1947-04-17,,0 ,,
0049002,2,常盤五条,トキワ５ジョウ,Tokiwa5-Jo,二丁目,２チョウメ,2,,,,0,0,0,0,0,0,0,1,1947-04-17,,0 ,,
0050001,2,常盤六条,トキワ６ジョウ,Tokiwa6-Jo,一丁目,１チョウメ,1,,,,1,1,0,0,0,0,0,1,1947-04-17,,0 ,,
0050002,2,常盤六条,トキワ６ジョウ,Tokiwa6-Jo,二丁目,２チョウメ,2,,,,0,0,0,0,0,0,0,1,1947-04-17,,0 ,,
0051000,1,砥山,トヤマ,Toyama,,,,,,,0,0,0,0,0,0,0,1,1947-04-17,,0 ,0612275,
0053000,1,豊滝,トヨタキ,Toyotaki,,,,,,,0,0,0,0,0,0,0,1,1947-04-17,,0 ,0612273,
0053001,2,豊滝,トヨタキ,Toyotaki,一丁目,１チョウメ,1,,,,1,1,0,0,0,0,0,1,1947-04-17,,0 ,,
0053002,2,豊滝,トヨタキ,Toyotaki,二丁目,２チョウメ,2,,,,1,1,0,0,0,0,0,1,1947-04-17,,0 ,,
0055000,1,中ノ沢,ナカノサワ,Nakanosawa,,,,,,,0,0,0,0,0,0,0,1,1947-04-17,,0 ,0050831,
0055001,2,中ノ沢,ナカノサワ,Nakanosawa,一丁目,１チョウメ,1,,,,1,1,0,0,0,0,0,1,1947-04-17,,0 ,,
0055002,2,中ノ沢,ナカノサワ,Nakanosawa,二丁目,２チョウメ,2,,,,1,1,0,0,0,0,0,1,1947-04-17,,0 ,,
0055003,2,中ノ沢,ナカノサワ,Nakanosawa,三丁目,３チョウメ,3,,,,1,1,0,0,0,0,0,1,1947-04-17,,0 ,,
0055004,2,中ノ沢,ナカノサワ,Nakanosawa,四丁目,４チョウメ,4,,,,1,1,0,0,0,0,0,1,1947-04-17,,0 ,,
0055005,2,中ノ沢,ナカノサワ,Nakanosawa,五丁目,５チョウメ,5,,,,1,1,0,0,0,0,0,1,1947-04-17,,0 ,,
0055006,2,中ノ沢,ナカノサワ,Nakanosawa,六丁目,６チョウメ,6,,,,1,1,0,0,0,0,0,1,1947-04-17,,0 ,,
0055007,2,中ノ沢,ナカノサワ,Nakanosawa,七丁目,７チョウメ,7,,,,1,1,0,0,0,0,0,1,1947-04-17,,0 ,,
0056000,1,藤野,フジノ,,,,,,,,0,0,0,0,0,0,0,1,1947-04-17,,0 ,,
0057005,2,藤野一条,フジノ１ジョウ,Fujino 1-Jo,五丁目,５チョウメ,5,,,,1,1,0,0,0,0,0,1,1947-04-17,,0 ,,
0057006,2,藤野一条,フジノ１ジョウ,Fujino 1-Jo,六丁目,６チョウメ,6,,,,1,1,0,0,0,0,0,1,1947-04-17,,0 ,,
0057007,2,藤野一条,フジノ１ジョウ,Fujino 1-Jo,七丁目,７チョウメ,7,,,,1,1,0,0,0,0,0,1,1947-04-17,,0 ,,
0057008,2,藤野一条,フジノ１ジョウ,Fujino 1-Jo,八丁目,８チョウメ,8,,,,1,1,0,0,0,0,0,1,1947-04-17,,0 ,,
0057009,2,藤野一条,フジノ１ジョウ,Fujino 1-Jo,九丁目,９チョウメ,9,,,,1,1,0,0,0,0,0,1,1947-04-17,,0 ,,
0057010,2,藤野一条,フジノ１ジョウ,Fujino 1-Jo,十丁目,１０チョウメ,10,,,,1,1,0,0,0,0,0,1,1947-04-17,,0 ,,
0058001,2,藤野二条,フジノ２ジョウ,Fujino 2-Jo,一丁目,１チョウメ,1,,,,1,1,0,0,0,0,0,1,1947-04-17,,0 ,,
0058002,2,藤野二条,フジノ２ジョウ,Fujino 2-Jo,二丁目,２チョウメ,2,,,,1,1,0,0,0,0,0,1,1947-04-17,,0 ,,
0058003,2,藤野二条,フジノ２ジョウ,Fujino 2-Jo,三丁目,３チョウメ,3,,,,1,1,0,0,0,0,0,1,1947-04-17,,0 ,,
0058004,2,藤野二条,フジノ２ジョウ,Fujino 2-Jo,四丁目,４チョウメ,4,,,,1,1,0,0,0,0,0,1,1947-04-17,,0 ,,
0058005,2,藤野二条,フジノ２ジョウ,Fujino 2-Jo,五丁目,５チョウメ,5,,,,1,1,0,0,0,0,0,1,1947-04-17,,0 ,,
0058006,2,藤野二条,フジノ２ジョウ,Fujino 2-Jo,六丁目,６チョウメ,6,,,,1,1,0,0,0,0,0,1,1947-04-17,,0 ,,
0058007,2,藤野二条,フジノ２ジョウ,Fujino 2-Jo,七丁目,７チョウメ,7,,,,1,1,0,0,0,0,0,1,1947-04-17,,0 ,,
0058008,2,藤野二条,フジノ２ジョウ,Fujino 2-Jo,八丁目,８チョウメ,8,,,,1,1,0,0,0,0,0,1,1947-04-17,,0 ,,
0058009,2,藤野二条,フジノ２ジョウ,Fujino 2-Jo,九丁目,９チョウメ,9,,,,1,1,0,0,0,0,0,1,1947-04-17,,0 ,,
0058010,2,藤野二条,フジノ２ジョウ,Fujino 2-Jo,十丁目,１０チョウメ,10,,,,1,1,0,0,0,0,0,1,1947-04-17,,0 ,,
0058011,2,藤野二条,フジノ２ジョウ,Fujino 2-Jo,十一丁目,１１チョウメ,11,,,,1,1,0,0,0,0,0,1,1947-04-17,,0 ,,
0058012,2,藤野二条,フジノ２ジョウ,Fujino 2-Jo,十二丁目,１２チョウメ,12,,,,1,1,0,0,0,0,0,1,1947-04-17,,0 ,,
0058013,2,藤野二条,フジノ２ジョウ,Fujino 2-Jo,十三丁目,１３チョウメ,13,,,,1,1,0,0,0,0,0,1,1947-04-17,,0 ,,
0059001,2,藤野三条,フジノ３ジョウ,Fujino 3-Jo,一丁目,１チョウメ,1,,,,1,1,0,0,0,0,0,1,1947-04-17,,0 ,,
0059002,2,藤野三条,フジノ３ジョウ,Fujino 3-Jo,二丁目,２チョウメ,2,,,,1,1,0,0,0,0,0,1,1947-04-17,,0 ,,
0059003,2,藤野三条,フジノ３ジョウ,Fujino 3-Jo,三丁目,３チョウメ,3,,,,1,1,0,0,0,0,0,1,1947-04-17,,0 ,,
0059004,2,藤野三条,フジノ３ジョウ,Fujino 3-Jo,四丁目,４チョウメ,4,,,,1,1,0,0,0,0,0,1,1947-04-17,,0 ,,
0059005,2,藤野三条,フジノ３ジョウ,Fujino 3-Jo,五丁目,５チョウメ,5,,,,1,1,0,0,0,0,0,1,1947-04-17,,0 ,,
0059006,2,藤野三条,フジノ３ジョウ,Fujino 3-Jo,六丁目,６チョウメ,6,,,,1,1,0,0,0,0,0,1,1947-04-17,,0 ,,
0059007,2,藤野三条,フジノ３ジョウ,Fujino 3-Jo,七丁目,７チョウメ,7,,,,1,1,0,0,0,0,0,1,1947-04-17,,0 ,,
0059008,2,藤野三条,フジノ３ジョウ,Fujino 3-Jo,八丁目,８チョウメ,8,,,,1,1,0,0,0,0,0,1,1947-04-17,,0 ,,
0059009,2,藤野三条,フジノ３ジョウ,Fujino 3-Jo,九丁目,９チョウメ,9,,,,1,1,0,0,0,0,0,1,1947-04-17,,0 ,,
0059010,2,藤野三条,フジノ３ジョウ,Fujino 3-Jo,十丁目,１０チョウメ,10,,,,1,1,0,0,0,0,0,1,1947-04-17,,0 ,,
0059011,2,藤野三条,フジノ３ジョウ,Fujino 3-Jo,十一丁目,１１チョウメ,11,,,,1,1,0,0,0,0,0,1,1947-04-17,,0 ,,
0060001,2,藤野四条,フジノ４ジョウ,Fujino 4-Jo,一丁目,１チョウメ,1,,,,1,1,0,0,0,0,0,1,1947-04-17,,0 ,,
0060002,2,藤野四条,フジノ４ジョウ,Fujino 4-Jo,二丁目,２チョウメ,2,,,,1,1,0,0,0,0,0,1,1947-04-17,,0 ,,
0060003,2,藤野四条,フジノ４ジョウ,Fujino 4-Jo,三丁目,３チョウメ,3,,,,1,1,0,0,0,0,0,1,1947-04-17,,0 ,,
0060004,2,藤野四条,フジノ４ジョウ,Fujino 4-Jo,四丁目,４チョウメ,4,,,,1,1,0,0,0,0,0,1,1947-04-17,,0 ,,
0060005,2,藤野四条,フジノ４ジョウ,Fujino 4-Jo,五丁目,５チョウメ,5,,,,1,1,0,0,0,0,0,1,1947-04-17,,0 ,,
0060006,2,藤野四条,フジノ４ジョウ,Fujino 4-Jo,六丁目,６チョウメ,6,,,,1,1,0,0,0,0,0,1,1947-04-17,,0 ,,
0060007,2,藤野四条,フジノ４ジョウ,Fujino 4-Jo,七丁目,７チョウメ,7,,,,1,1,0,0,0,0,0,1,1947-04-17,,0 ,,
0060008,2,藤野四条,フジノ４ジョウ,Fujino 4-Jo,八丁目,８チョウメ,8,,,,1,1,0,0,0,0,0,1,1947-04-17,,0 ,,
0060009,2,藤野四条,フジノ４ジョウ,Fujino 4-Jo,九丁目,９チョウメ,9,,,,1,1,0,0,0,0,0,1,1947-04-17,,0 ,,
0060010,2,藤野四条,フジノ４ジョウ,Fujino 4-Jo,十丁目,１０チョウメ,10,,,,1,1,0,0,0,0,0,1,1947-04-17,,0 ,,
0060011,2,藤野四条,フジノ４ジョウ,Fujino 4-Jo,十一丁目,１１チョウメ,11,,,,1,1,0,0,0,0,0,1,1947-04-17,,0 ,,
0061001,2,藤野五条,フジノ５ジョウ,Fujino 5-Jo,一丁目,１チョウメ,1,,,,1,1,0,0,0,0,0,1,1947-04-17,,0 ,,
0061002,2,藤野五条,フジノ５ジョウ,Fujino 5-Jo,二丁目,２チョウメ,2,,,,1,1,0,0,0,0,0,1,1947-04-17,,0 ,,
0061003,2,藤野五条,フジノ５ジョウ,Fujino 5-Jo,三丁目,３チョウメ,3,,,,1,1,0,0,0,0,0,1,1947-04-17,,0 ,,
0061004,2,藤野五条,フジノ５ジョウ,Fujino 5-Jo,四丁目,４チョウメ,4,,,,1,1,0,0,0,0,0,1,1947-04-17,,0 ,,
0061005,2,藤野五条,フジノ５ジョウ,Fujino 5-Jo,五丁目,５チョウメ,5,,,,1,1,0,0,0,0,0,1,1947-04-17,,0 ,,
0061006,2,藤野五条,フジノ５ジョウ,Fujino 5-Jo,六丁目,６チョウメ,6,,,,1,1,0,0,0,0,0,1,1947-04-17,,0 ,,
0061007,2,藤野五条,フジノ５ジョウ,Fujino 5-Jo,七丁目,７チョウメ,7,,,,1,1,0,0,0,0,0,1,1947-04-17,,0 ,,
0061008,2,藤野五条,フジノ５ジョウ,Fujino 5-Jo,八丁目,８チョウメ,8,,,,1,1,0,0,0,0,0,1,1947-04-17,,0 ,,
0061009,2,藤野五条,フジノ５ジョウ,Fujino 5-Jo,九丁目,９チョウメ,9,,,,1,1,0,0,0,0,0,1,1947-04-17,,0 ,,
0061010,2,藤野五条,フジノ５ジョウ,Fujino 5-Jo,十丁目,１０チョウメ,10,,,,1,1,0,0,0,0,0,1,1947-04-17,,0 ,,
0062001,2,藤野六条,フジノ６ジョウ,Fujino 6-Jo,一丁目,１チョウメ,1,,,,0,0,0,0,0,0,0,1,1947-04-17,,0 ,,
0062002,2,藤野六条,フジノ６ジョウ,Fujino 6-Jo,二丁目,２チョウメ,2,,,,0,0,0,0,0,0,0,1,1947-04-17,,0 ,,
0062003,2,藤野六条,フジノ６ジョウ,Fujino 6-Jo,三丁目,３チョウメ,3,,,,0,0,0,0,0,0,0,1,1947-04-17,,0 ,,
0062004,2,藤野六条,フジノ６ジョウ,Fujino 6-Jo,四丁目,４チョウメ,4,,,,1,1,0,0,0,0,0,1,1947-04-17,,0 ,,
0062006,2,藤野六条,フジノ６ジョウ,Fujino 6-Jo,六丁目,６チョウメ,6,,,,1,1,0,0,0,0,0,1,1947-04-17,,0 ,,
0062009,2,藤野六条,フジノ６ジョウ,Fujino 6-Jo,九丁目,９チョウメ,9,,,,1,1,0,0,0,0,0,1,1947-04-17,,0 ,,
0063000,1,真駒内,マコマナイ,,,,,,,,0,0,0,0,0,0,0,1,1947-04-17,,0 ,,
0064001,2,真駒内曙町,マコマナイアケボノマチ,Makomanaiakebonocho,一丁目,１チョウメ,1,,,,1,1,0,0,0,0,0,0,1947-04-17,,0 ,,
0064002,2,真駒内曙町,マコマナイアケボノマチ,Makomanaiakebonocho,二丁目,２チョウメ,2,,,,1,1,0,0,0,0,0,0,1947-04-17,,0 ,,
0064003,2,真駒内曙町,マコマナイアケボノマチ,Makomanaiakebonocho,三丁目,３チョウメ,3,,,,1,1,0,0,0,0,0,0,1947-04-17,,0 ,,
0064004,2,真駒内曙町,マコマナイアケボノマチ,Makomanaiakebonocho,四丁目,４チョウメ,4,,,,1,1,0,0,0,0,0,0,1947-04-17,,0 ,,
0065001,2,真駒内泉町,マコマナイイズミマチ,Makomanaiizumimachi,一丁目,１チョウメ,1,,,,1,1,0,0,0,0,0,1,1947-04-17,,0 ,,
0065002,2,真駒内泉町,マコマナイイズミマチ,Makomanaiizumimachi,二丁目,２チョウメ,2,,,,1,1,0,0,0,0,0,1,1947-04-17,,0 ,,
0065003,2,真駒内泉町,マコマナイイズミマチ,Makomanaiizumimachi,三丁目,３チョウメ,3,,,,1,1,0,0,0,0,0,1,1947-04-17,,0 ,,
0065004,2,真駒内泉町,マコマナイイズミマチ,Makomanaiizumimachi,四丁目,４チョウメ,4,,,,1,1,0,0,0,0,0,1,1947-04-17,,0 ,,
0066001,2,真駒内柏丘,マコマナイカシワオカ,Makomanaikashiwaoka,一丁目,１チョウメ,1,,,,1,1,0,0,0,0,0,1,1947-04-17,,0 ,,
0066002,2,真駒内柏丘,マコマナイカシワオカ,Makomanaikashiwaoka,二丁目,２チョウメ,2,,,,1,1,0,0,0,0,0,1,1947-04-17,,0 ,,
0066003,2,真駒内柏丘,マコマナイカシワオカ,Makomanaikashiwaoka,三丁目,３チョウメ,3,,,,1,1,0,0,0,0,0,1,1947-04-17,,0 ,,
0066004,2,真駒内柏丘,マコマナイカシワオカ,Makomanaikashiwaoka,四丁目,４チョウメ,4,,,,1,1,0,0,0,0,0,1,1947-04-17,,0 ,,
0066005,2,真駒内柏丘,マコマナイカシワオカ,Makomanaikashiwaoka,五丁目,５チョウメ,5,,,,1,1,0,0,0,0,0,1,1947-04-17,,0 ,,
0066006,2,真駒内柏丘,マコマナイカシワオカ,Makomanaikashiwaoka,六丁目,６チョウメ,6,,,,1,1,0,0,0,0,0,1,1947-04-17,,0 ,,
0066007,2,真駒内柏丘,マコマナイカシワオカ,Makomanaikashiwaoka,七丁目,７チョウメ,7,,,,1,1,0,0,0,0,0,1,1947-04-17,,0 ,,
0066008,2,真駒内柏丘,マコマナイカシワオカ,Makomanaikashiwaoka,八丁目,８チョウメ,8,,,,1,1,0,0,0,0,0,1,1947-04-17,,0 ,,
0066009,2,真駒内柏丘,マコマナイカシワオカ,Makomanaikashiwaoka,九丁目,９チョウメ,9,,,,1,1,0,0,0,0,0,1,1947-04-17,,0 ,,
0066010,2,真駒内柏丘,マコマナイカシワオカ,Makomanaikashiwaoka,十丁目,１０チョウメ,10,,,,1,1,0,0,0,0,0,1,1947-04-17,,0 ,,
0066011,2,真駒内柏丘,マコマナイカシワオカ,Makomanaikashiwaoka,十一丁目,１１チョウメ,11,,,,1,1,0,0,0,0,0,1,1947-04-17,,0 ,,
0066012,2,真駒内柏丘,マコマナイカシワオカ,Makomanaikashiwaoka,十二丁目,１２チョウメ,12,,,,1,1,0,0,0,0,0,1,1947-04-17,,0 ,,
0067001,2,真駒内上町,マコマナイカミマチ,Makomanaikamimachi,一丁目,１チョウメ,1,,,,1,1,0,0,0,0,0,1,1947-04-17,,0 ,,
0067002,2,真駒内上町,マコマナイカミマチ,Makomanaikamimachi,二丁目,２チョウメ,2,,,,1,1,0,0,0,0,0,1,1947-04-17,,0 ,,
0067003,2,真駒内上町,マコマナイカミマチ,Makomanaikamimachi,三丁目,３チョウメ,3,,,,1,1,0,0,0,0,0,1,1947-04-17,,0 ,,
0067004,2,真駒内上町,マコマナイカミマチ,Makomanaikamimachi,四丁目,４チョウメ,4,,,,1,1,0,0,0,0,0,1,1947-04-17,,0 ,,
0067005,2,真駒内上町,マコマナイカミマチ,Makomanaikamimachi,五丁目,５チョウメ,5,,,,1,1,0,0,0,0,0,1,1947-04-17,,0 ,,
0068000,1,真駒内公園,マコマナイコウエン,Makomanaikoen,,,,,,,1,1,0,0,0,0,0,1,1947-04-17,,0 ,0050017,
0069001,2,真駒内幸町,マコマナイサイワイマチ,Makomanaisaiwaimachi,一丁目,１チョウメ,1,,,,1,1,0,0,0,0,0,1,1947-04-17,,0 ,,
0069002,2,真駒内幸町,マコマナイサイワイマチ,Makomanaisaiwaimachi,二丁目,２チョウメ,2,,,,1,1,0,0,0,0,0,1,1947-04-17,,0 ,,
0069003,2,真駒内幸町,マコマナイサイワイマチ,Makomanaisaiwaimachi,三丁目,３チョウメ,3,,,,1,1,0,0,0,0,0,1,1947-04-17,,0 ,,
0070001,2,真駒内東町,マコマナイヒガシマチ,Makomanaihigashimachi,一丁目,１チョウメ,1,,,,1,1,0,0,0,0,0,1,1947-04-17,,0 ,,
0070002,2,真駒内東町,マコマナイヒガシマチ,Makomanaihigashimachi,二丁目,２チョウメ,2,,,,1,1,0,0,0,0,0,1,1947-04-17,,0 ,,
0070003,2,真駒内東町,マコマナイヒガシマチ,Makomanaihigashimachi,三丁目,３チョウメ,3,,,,1,1,0,0,0,0,0,1,1947-04-17,,0 ,,
0071001,2,真駒内本町,マコマナイホンチョウ,Makomanaihoncho,一丁目,１チョウメ,1,,,,1,1,0,0,0,0,0,1,1947-04-17,,0 ,,
0071002,2,真駒内本町,マコマナイホンチョウ,Makomanaihoncho,二丁目,２チョウメ,2,,,,1,1,0,0,0,0,0,1,1947-04-17,,0 ,,
0071003,2,真駒内本町,マコマナイホンチョウ,Makomanaihoncho,三丁目,３チョウメ,3,,,,1,1,0,0,0,0,0,1,1947-04-17,,0 ,,
0071004,2,真駒内本町,マコマナイホンチョウ,Makomanaihoncho,四丁目,４チョウメ,4,,,,1,1,0,0,0,0,0,1,1947-04-17,,0 ,,
0071005,2,真駒内本町,マコマナイホンチョウ,Makomanaihoncho,五丁目,５チョウメ,5,,,,1,1,0,0,0,0,0,1,1947-04-17,,0 ,,
0071006,2,真駒内本町,マコマナイホンチョウ,Makomanaihoncho,六丁目,６チョウメ,6,,,,1,1,0,0,0,0,0,1,1947-04-17,,0 ,,
0071007,2,真駒内本町,マコマナイホンチョウ,Makomanaihoncho,七丁目,７チョウメ,7,,,,1,1,0,0,0,0,0,1,1947-04-17,,0 ,,
0072001,2,真駒内緑町,マコマナイミドリマチ,Makomanaimidorimachi,一丁目,１チョウメ,1,,,,1,1,0,0,0,0,0,1,1947-04-17,,0 ,,
0072002,2,真駒内緑町,マコマナイミドリマチ,Makomanaimidorimachi,二丁目,２チョウメ,2,,,,1,1,0,0,0,0,0,1,1947-04-17,,0 ,,
0072003,2,真駒内緑町,マコマナイミドリマチ,Makomanaimidorimachi,三丁目,３チョウメ,3,,,,1,1,0,0,0,0,0,1,1947-04-17,,0 ,,
0072004,2,真駒内緑町,マコマナイミドリマチ,Makomanaimidorimachi,四丁目,４チョウメ,4,,,,1,1,0,0,0,0,0,1,1947-04-17,,0 ,,
0073001,2,真駒内南町,マコマナイミナミマチ,Makomanaiminamimachi,一丁目,１チョウメ,1,,,,1,1,0,0,0,0,0,1,1947-04-17,,0 ,,
0073002,2,真駒内南町,マコマナイミナミマチ,Makomanaiminamimachi,二丁目,２チョウメ,2,,,,1,1,0,0,0,0,0,1,1947-04-17,,0 ,,
0073003,2,真駒内南町,マコマナイミナミマチ,Makomanaiminamimachi,三丁目,３チョウメ,3,,,,1,1,0,0,0,0,0,1,1947-04-17,,0 ,,
0073004,2,真駒内南町,マコマナイミナミマチ,Makomanaiminamimachi,四丁目,４チョウメ,4,,,,1,1,0,0,0,0,0,1,1947-04-17,,0 ,,
0073005,2,真駒内南町,マコマナイミナミマチ,Makomanaiminamimachi,五丁目,５チョウメ,5,,,,1,1,0,0,0,0,0,1,1947-04-17,,0 ,,
0073006,2,真駒内南町,マコマナイミナミマチ,Makomanaiminamimachi,六丁目,６チョウメ,6,,,,1,1,0,0,0,0,0,1,1947-04-17,,0 ,,
0073007,2,真駒内南町,マコマナイミナミマチ,Makomanaiminamimachi,七丁目,７チョウメ,7,,,,1,1,0,0,0,0,0,1,1947-04-17,,0 ,,
0074000,1,簾舞,ミスマイ,,,,,,,,0,0,0,0,0,0,0,1,1947-04-17,,0 ,,
0075001,2,簾舞一条,ミスマイ１ジョウ,Misumai 1-Jo,一丁目,１チョウメ,1,,,,1,1,0,0,0,0,0,1,1947-04-17,,0 ,,
0075002,2,簾舞一条,ミスマイ１ジョウ,Misumai 1-Jo,二丁目,２チョウメ,2,,,,1,1,0,0,0,0,0,1,1947-04-17,,0 ,,
0075004,2,簾舞一条,ミスマイ１ジョウ,Misumai 1-Jo,四丁目,４チョウメ,4,,,,1,1,0,0,0,0,0,1,1947-04-17,,0 ,,
0075005,2,簾舞一条,ミスマイ１ジョウ,Misumai 1-Jo,五丁目,５チョウメ,5,,,,1,1,0,0,0,0,0,1,1947-04-17,,0 ,,
0076001,2,簾舞二条,ミスマイ２ジョウ,Misumai 2-Jo,一丁目,１チョウメ,1,,,,1,1,0,0,0,0,0,1,1947-04-17,,0 ,,
0076002,2,簾舞二条,ミスマイ２ジョウ,Misumai 2-Jo,二丁目,２チョウメ,2,,,,1,1,0,0,0,0,0,1,1947-04-17,,0 ,,
0076003,2,簾舞二条,ミスマイ２ジョウ,Misumai 2-Jo,三丁目,３チョウメ,3,,,,1,1,0,0,0,0,0,1,1947-04-17,,0 ,,
0076004,2,簾舞二条,ミスマイ２ジョウ,Misumai 2-Jo,四丁目,４チョウメ,4,,,,1,1,0,0,0,0,0,1,1947-04-17,,0 ,,
0076005,2,簾舞二条,ミスマイ２ジョウ,Misumai 2-Jo,五丁目,５チョウメ,5,,,,1,1,0,0,0,0,0,1,1947-04-17,,0 ,,
0077001,2,簾舞三条,ミスマイ３ジョウ,Misumai 3-Jo,一丁目,１チョウメ,1,,,,1,1,0,0,0,0,0,1,1947-04-17,,0 ,,
0077002,2,簾舞三条,ミスマイ３ジョウ,Misumai 3-Jo,二丁目,２チョウメ,2,,,,1,1,0,0,0,0,0,1,1947-04-17,,0 ,,
0077003,2,簾舞三条,ミスマイ３ジョウ,Misumai 3-Jo,三丁目,３チョウメ,3,,,,1,1,0,0,0,0,0,1,1947-04-17,,0 ,,
0077005,2,簾舞三条,ミスマイ３ジョウ,Misumai 3-Jo,五丁目,５チョウメ,5,,,,1,1,0,0,0,0,0,1,1947-04-17,,0 ,,
0077006,2,簾舞三条,ミスマイ３ジョウ,Misumai 3-Jo,六丁目,６チョウメ,6,,,,1,1,0,0,0,0,0,1,1947-04-17,,0 ,,
0078001,2,簾舞四条,ミスマイ４ジョウ,Misumai 4-Jo,一丁目,１チョウメ,1,,,,1,1,0,0,0,0,0,1,1947-04-17,,0 ,,
0078002,2,簾舞四条,ミスマイ４ジョウ,Misumai 4-Jo,二丁目,２チョウメ,2,,,,1,1,0,0,0,0,0,1,1947-04-17,,0 ,,
0078003,2,簾舞四条,ミスマイ４ジョウ,Misumai 4-Jo,三丁目,３チョウメ,3,,,,1,1,0,0,0,0,0,1,1947-04-17,,0 ,,
0078006,2,簾舞四条,ミスマイ４ジョウ,Misumai 4-Jo,六丁目,６チョウメ,6,,,,1,1,0,0,0,0,0,1,1947-04-17,,0 ,,
0079001,2,簾舞五条,ミスマイ５ジョウ,Misumai 5-Jo,一丁目,１チョウメ,1,,,,1,1,0,0,0,0,0,1,1947-04-17,,0 ,,
0079002,2,簾舞五条,ミスマイ５ジョウ,Misumai 5-Jo,二丁目,２チョウメ,2,,,,1,1,0,0,0,0,0,1,1947-04-17,,0 ,,
0080001,2,簾舞六条,ミスマイ６ジョウ,Misumai 6-Jo,一丁目,１チョウメ,1,,,,1,1,0,0,0,0,0,1,1947-04-17,,0 ,,
0080002,2,簾舞六条,ミスマイ６ジョウ,Misumai 6-Jo,二丁目,２チョウメ,2,,,,1,1,0,0,0,0,0,1,1947-04-17,,0 ,,
0081008,2,南三十条西,ミナミ３０ジョウニシ,,八丁目,８チョウメ,8,,,,1,1,0,0,0,0,0,1,1947-04-17,,0 ,,
0082008,2,南三十一条西,ミナミ３１ジョウニシ,Minami31-Jonishi,八丁目,８チョウメ,8,,,,1,1,0,0,0,0,0,1,1947-04-17,,0 ,,
0082009,2,南三十一条西,ミナミ３１ジョウニシ,Minami31-Jonishi,九丁目,９チョウメ,9,,,,1,1,0,0,0,0,0,1,1947-04-17,,0 ,,
0082010,2,南三十一条西,ミナミ３１ジョウニシ,Minami31-Jonishi,十丁目,１０チョウメ,10,,,,1,1,0,0,0,0,0,1,1947-04-17,,0 ,,
0082011,2,南三十一条西,ミナミ３１ジョウニシ,Minami31-Jonishi,十一丁目,１１チョウメ,11,,,,1,1,0,0,0,0,0,1,1947-04-17,,0 ,,
0083008,2,南三十二条西,ミナミ３２ジョウニシ,Minami32-Jonishi,八丁目,８チョウメ,8,,,,1,1,0,0,0,0,0,1,1947-04-17,,0 ,,
0083009,2,南三十二条西,ミナミ３２ジョウニシ,Minami32-Jonishi,九丁目,９チョウメ,9,,,,1,1,0,0,0,0,0,1,1947-04-17,,0 ,,
0083010,2,南三十二条西,ミナミ３２ジョウニシ,Minami32-Jonishi,十丁目,１０チョウメ,10,,,,1,1,0,0,0,0,0,1,1947-04-17,,0 ,,
0083011,2,南三十二条西,ミナミ３２ジョウニシ,Minami32-Jonishi,十一丁目,１１チョウメ,11,,,,1,1,0,0,0,0,0,1,1947-04-17,,0 ,,
0084008,2,南三十三条西,ミナミ３３ジョウニシ,Minami33-Jonishi,八丁目,８チョウメ,8,,,,1,1,0,0,0,0,0,1,1947-04-17,,0 ,,
0084009,2,南三十三条西,ミナミ３３ジョウニシ,Minami33-Jonishi,九丁目,９チョウメ,9,,,,1,1,0,0,0,0,0,1,1947-04-17,,0 ,,
0084010,2,南三十三条西,ミナミ３３ジョウニシ,Minami33-Jonishi,十丁目,１０チョウメ,10,,,,1,1,0,0,0,0,0,1,1947-04-17,,0 ,,
0084011,2,南三十三条西,ミナミ３３ジョウニシ,Minami33-Jonishi,十一丁目,１１チョウメ,11,,,,1,1,0,0,0,0,0,1,1947-04-17,,0 ,,
0085008,2,南三十四条西,ミナミ３４ジョウニシ,Minami34-Jonishi,八丁目,８チョウメ,8,,,,1,1,0,0,0,0,0,1,1947-04-17,,0 ,,
0085009,2,南三十四条西,ミナミ３４ジョウニシ,Minami34-Jonishi,九丁目,９チョウメ,9,,,,1,1,0,0,0,0,0,1,1947-04-17,,0 ,,
0085010,2,南三十四条西,ミナミ３４ジョウニシ,Minami34-Jonishi,十丁目,１０チョウメ,10,,,,1,1,0,0,0,0,0,1,1947-04-17,,0 ,,
0085011,2,南三十四条西,ミナミ３４ジョウニシ,Minami34-Jonishi,十一丁目,１１チョウメ,11,,,,1,1,0,0,0,0,0,1,1947-04-17,,0 ,,
0086009,2,南三十五条西,ミナミ３５ジョウニシ,Minami35-Jonishi,九丁目,９チョウメ,9,,,,1,1,0,0,0,0,0,1,1947-04-17,,0 ,,
0086010,2,南三十五条西,ミナミ３５ジョウニシ,Minami35-Jonishi,十丁目,１０チョウメ,10,,,,1,1,0,0,0,0,0,1,1947-04-17,,0 ,,
0086011,2,南三十五条西,ミナミ３５ジョウニシ,Minami35-Jonishi,十一丁目,１１チョウメ,11,,,,1,1,0,0,0,0,0,1,1947-04-17,,0 ,,
0087010,2,南三十六条西,ミナミ３６ジョウニシ,Minami36-Jonishi,十丁目,１０チョウメ,10,,,,1,1,0,0,0,0,0,1,1947-04-17,,0 ,,
0087011,2,南三十六条西,ミナミ３６ジョウニシ,Minami36-Jonishi,十一丁目,１１チョウメ,11,,,,1,1,0,0,0,0,0,1,1947-04-17,,0 ,,
0088010,2,南三十七条西,ミナミ３７ジョウニシ,Minami37-Jonishi,十丁目,１０チョウメ,10,,,,1,1,0,0,0,0,0,1,1947-04-17,,0 ,,
0088011,2,南三十七条西,ミナミ３７ジョウニシ,Minami37-Jonishi,十一丁目,１１チョウメ,11,,,,1,1,0,0,0,0,0,1,1947-04-17,,0 ,,
0089010,2,南三十八条西,ミナミ３８ジョウニシ,Minami38-Jonishi,十丁目,１０チョウメ,10,,,,1,1,0,0,0,0,0,1,1947-04-17,,0 ,,
0089011,2,南三十八条西,ミナミ３８ジョウニシ,Minami38-Jonishi,十一丁目,１１チョウメ,11,,,,1,1,0,0,0,0,0,1,1947-04-17,,0 ,,
0090010,2,南三十九条西,ミナミ３９ジョウニシ,Minami39-Jonishi,十丁目,１０チョウメ,10,,,,1,1,0,0,0,0,0,1,1947-04-17,,0 ,,
0090011,2,南三十九条西,ミナミ３９ジョウニシ,Minami39-Jonishi,十一丁目,１１チョウメ,11,,,,1,1,0,0,0,0,0,1,1947-04-17,,0 ,,
0091000,1,南沢,ミナミサワ,Minamisawa,,,,,,,0,0,0,0,0,0,0,1,1947-04-17,,0 ,0050827,
0092001,2,南沢一条,ミナミサワ１ジョウ,Minamisawa1-Jo,一丁目,１チョウメ,1,,,,1,1,0,0,0,0,0,1,1947-04-17,,0 ,,
0092002,2,南沢一条,ミナミサワ１ジョウ,Minamisawa1-Jo,二丁目,２チョウメ,2,,,,1,1,0,0,0,0,0,1,1947-04-17,,0 ,,
0092003,2,南沢一条,ミナミサワ１ジョウ,Minamisawa1-Jo,三丁目,３チョウメ,3,,,,1,1,0,0,0,0,0,1,1947-04-17,,0 ,,
0093001,2,南沢二条,ミナミサワ２ジョウ,Minamisawa2-Jo,一丁目,１チョウメ,1,,,,1,1,0,0,0,0,0,1,1947-04-17,,0 ,,
0093002,2,南沢二条,ミナミサワ２ジョウ,Minamisawa2-Jo,二丁目,２チョウメ,2,,,,1,1,0,0,0,0,0,1,1947-04-17,,0 ,,
0093003,2,南沢二条,ミナミサワ２ジョウ,Minamisawa2-Jo,三丁目,３チョウメ,3,,,,1,1,0,0,0,0,0,1,1947-04-17,,0 ,,
0093004,2,南沢二条,ミナミサワ２ジョウ,Minamisawa2-Jo,四丁目,４チョウメ,4,,,,1,1,0,0,0,0,0,1,1947-04-17,,0 ,,
0094001,2,南沢三条,ミナミサワ３ジョウ,Minamisawa3-Jo,一丁目,１チョウメ,1,,,,1,1,0,0,0,0,0,1,1947-04-17,,0 ,,
0094002,2,南沢三条,ミナミサワ３ジョウ,Minamisawa3-Jo,二丁目,２チョウメ,2,,,,1,1,0,0,0,0,0,1,1947-04-17,,0 ,,
0094003,2,南沢三条,ミナミサワ３ジョウ,Minamisawa3-Jo,三丁目,３チョウメ,3,,,,1,1,0,0,0,0,0,1,1947-04-17,,0 ,,
0094004,2,南沢三条,ミナミサワ３ジョウ,Minamisawa3-Jo,四丁目,４チョウメ,4,,,,1,1,0,0,0,0,0,1,1947-04-17,,0 ,,
0095001,2,南沢四条,ミナミサワ４ジョウ,Minamisawa4-Jo,一丁目,１チョウメ,1,,,,1,1,0,0,0,0,0,1,1947-04-17,,0 ,,
0095002,2,南沢四条,ミナミサワ４ジョウ,Minamisawa4-Jo,二丁目,２チョウメ,2,,,,1,1,0,0,0,0,0,1,1947-04-17,,0 ,,
0095003,2,南沢四条,ミナミサワ４ジョウ,Minamisawa4-Jo,三丁目,３チョウメ,3,,,,1,1,0,0,0,0,0,1,1947-04-17,,0 ,,
0095004,2,南沢四条,ミナミサワ４ジョウ,Minamisawa4-Jo,四丁目,４チョウメ,4,,,,1,1,0,0,0,0,0,1,1947-04-17,,0 ,,
0096001,2,南沢五条,ミナミサワ５ジョウ,Minamisawa5-Jo,一丁目,１チョウメ,1,,,,1,1,0,0,0,0,0,1,1947-04-17,,0 ,,
0096002,2,南沢五条,ミナミサワ５ジョウ,Minamisawa5-Jo,二丁目,２チョウメ,2,,,,1,1,0,0,0,0,0,1,1947-04-17,,0 ,,
0096003,2,南沢五条,ミナミサワ５ジョウ,Minamisawa5-Jo,三丁目,３チョウメ,3,,,,1,1,0,0,0,0,0,1,1947-04-17,,0 ,,
0096004,2,南沢五条,ミナミサワ５ジョウ,Minamisawa5-Jo,四丁目,４チョウメ,4,,,,1,1,0,0,0,0,0,1,1947-04-17,,0 ,,
0097002,2,南沢六条,ミナミサワ６ジョウ,Minamisawa6-Jo,二丁目,２チョウメ,2,,,,1,1,0,0,0,0,0,1,1947-04-17,,0 ,,
0097003,2,南沢六条,ミナミサワ６ジョウ,Minamisawa6-Jo,三丁目,３チョウメ,3,,,,1,1,0,0,0,0,0,1,1947-04-17,,0 ,,
0097004,2,南沢六条,ミナミサワ６ジョウ,Minamisawa6-Jo,四丁目,４チョウメ,4,,,,1,1,0,0,0,0,0,1,1947-04-17,,0 ,,
0099000,1,藻岩下,モイワシタ,Moiwashita,,,,,,,0,0,0,0,0,0,0,1,1947-04-17,,0 ,0050040,
0099001,2,藻岩下,モイワシタ,Moiwashita,一丁目,１チョウメ,1,,,,1,1,0,0,0,0,0,1,1947-04-17,,0 ,,
0099002,2,藻岩下,モイワシタ,Moiwashita,二丁目,２チョウメ,2,,,,1,1,0,0,0,0,0,1,1947-04-17,,0 ,,
0099003,2,藻岩下,モイワシタ,Moiwashita,三丁目,３チョウメ,3,,,,1,1,0,0,0,0,0,1,1947-04-17,,0 ,,
0099004,2,藻岩下,モイワシタ,Moiwashita,四丁目,４チョウメ,4,,,,1,1,0,0,0,0,0,1,1947-04-17,,0 ,,
0099005,2,藻岩下,モイワシタ,Moiwashita,五丁目,５チョウメ,5,,,,1,1,0,0,0,0,0,1,1947-04-17,,0 ,,
0100000,1,藻岩山,モイワヤマ,Moiwayama,,,,,,,0,0,0,0,0,0,0,1,1947-04-17,,0 ,0050041,
